Marine Drive,Elephanta Caves,Gateway Of India,Bandra-Worli Sea Link,The Lalit Mumbai,Shree Siddhivinayak,Trident,Nariman Point,Chhatrapati Shivaji Terminus,The Oberoi Mumbai,Sofitel Mumbai BKC,Grand Hyatt Mumbai Hotel & Residences,Hyatt Regency Mumbai,The St. Regis Mumbai,The Leela Mumbai,Leopold Cafe,Romano's,The Peshwa Pavilion,Peshawri,Cafe Madras,Nawab Saheb
Gateway Of India,Marine Drive
Nawab Saheb
The Lalit Mumbai,Gateway Of India
Leopold Cafe,Bandra-Worli Sea LinkShree Siddhivinayak,Hyatt Regency Mumbai
Grand Hyatt Mumbai Hotel & Residences
Cafe Madras,Nariman Point
Chhatrapati Shivaji Terminus,Romano's
Sofitel Mumbai BKC,Elephanta Caves,Hyatt Regency Mumbai
Nariman Point
Marine Drive,Peshawri
The St. Regis Mumbai
The Lalit Mumbai,Gateway Of India,Leopold Cafe,Marine Drive,The Peshwa Pavilion
Elephanta Caves,The Leela Mumba,The St. Regis Mumbai
Leopold Cafe,Romano's
Leopold Cafe
Marine Drive,Leopold Cafe,The St. Regis Mumbai,The Peshwa Pavilion,Grand Hyatt Mumbai Hotel & Residences
The Lalit Mumbai,Marine Drive
The Lalit Mumbai,Elephanta Caves,Leopold Cafe,Trident,Romano's,Marine Drive,Leopold Cafe
Bandra-Worli Sea Link,The St. Regis Mumbai,Nariman Point
Marine Drive,Marine Drive
Elephanta Caves,Leopold Cafe,Hyatt Regency Mumbai
Gateway Of India,Marine Drive,Gateway Of India,The St. Regis Mumbai
Marine Drive
Elephanta Caves,Chhatrapati Shivaji Terminus,Gateway Of India,Bandra-Worli Sea Link
Elephanta Caves,Leopold Cafe,Bandra-Worli Sea LinkTrident,Romano's,Peshawri
Leopold Cafe,Marine Drive,Leopold Cafe,Nariman Point
Sofitel Mumbai BKC,Elephanta Caves,Trident,Nariman Point,Leopold Cafe
Romano's,magazines
Leopold Cafe,Gateway Of India,Marine Drive
The Lalit Mumbai,Nariman Point
The Lalit Mumbai,Nariman Point
Sofitel Mumbai BKC,strong cheese
The St. Regis Mumbai
pickles,Elephanta Caves,Romano's
Nariman Point
Leopold Cafe
Leopold Cafe,Chhatrapati Shivaji Terminus
pickles,The Leela Mumba,Hyatt Regency Mumbai
Elephanta Caves
Sofitel Mumbai BKC,Elephanta Caves,Leopold Cafe,The St. Regis Mumbai,Shree Siddhivinayak,Peshawri
Elephanta Caves
Chhatrapati Shivaji Terminus
Chhatrapati Shivaji Terminus,Gateway Of India,Nariman Point,Hyatt Regency Mumbai
Leopold Cafe,Leopold Cafe
Leopold Cafe
Gateway Of India
Gateway Of India,Trident,Hyatt Regency Mumbai
Elephanta Caves,,Hyatt Regency Mumbai
Leopold Cafe,Marine Drive
Elephanta Caves
Elephanta Caves
Nariman Point,The Leela Mumbai
The Lalit Mumbai,Sofitel Mumbai BKC,Elephanta Caves,Leopold Cafe,Chhatrapati Shivaji Terminus,Bandra-Worli Sea Link,Nawab Saheb
Marine Drive,The St. Regis Mumbai
Chhatrapati Shivaji Terminus,Hyatt Regency Mumbai
The Lalit Mumbai,Marine Drive
Nariman Point
Bandra-Worli Sea Link
Cafe Madras,Leopold Cafe,Gateway Of India,cider,Shree Siddhivinayak
The St. Regis Mumbai
Marine Drive
Chhatrapati Shivaji Terminus,Marine Drive
The St. Regis Mumbai
Leopold Cafe,Grand Hyatt Mumbai Hotel & Residences
Marine Drive
Elephanta Caves,Leopold Cafe
Marine Drive,Nariman Point
Gateway Of India,Elephanta Caves,Bandra-Worli Sea Link,Nariman Point,Hyatt Regency Mumbai
Leopold CafeNariman Point
Gateway Of India,Leopold Cafe,Marine Drive,The Peshwa Pavilion
ateway Of India,Nariman Point,Grand Hyatt Mumbai Hotel & Residences,Hyatt Regency Mumbai
Grand Hyatt Mumbai Hotel & Residences
Gateway Of India,Marine Drive,Elephanta Caves,Leopold CafeNawab Saheb,Marine Drive
Gateway Of India,Elephanta Caves,Marine Drive,Nariman Point,The St. Regis Mumbai,Hyatt Regency Mumbai
Chhatrapati Shivaji Terminus
The Lalit Mumbai,Sofitel Mumbai BKC,magazines
Marine Drive,The St. Regis Mumbai
The St. Regis Mumbai
Sofitel Mumbai BKC,Cafe Madras,Elephanta Caves,Hyatt Regency Mumbai
The Lalit Mumbai,Gateway Of India,Chhatrapati Shivaji Terminus,Elephanta Caves,Marine Drive,Chhatrapati Shivaji Terminus
Elephanta Caves,Leopold Cafe,Marine Drive
Leopold Cafe,Nawab Saheb,The Peshwa Pavilion
Marine Drive,Leopold Cafe,Chhatrapati Shivaji Terminus,Gateway Of India,Bandra-Worli Sea Link,Nawab Saheb,The Lalit Mumbai,Marine Drive
Elephanta Caves,Leopold Cafe,Nariman Point,The Leela Mumbai
Marine Drive,Leopold Cafe,Marine Drive
Gateway Of India,Sofitel Mumbai BKC
The Lalit Mumbai,Gateway Of India,Nawab Saheb,Marine Drive,The Peshwa Pavilion
Sofitel Mumbai BKC,Elephanta Caves,Leopold Cafe,Leopold Cafe,Nariman Point,Sofitel Mumbai BKC
The Lalit Mumbai,Marine Drive,Peshawri,Sofitel Mumbai BKC
Sofitel Mumbai BKC,The Peshwa Pavilion
Sofitel Mumbai BKC,Leopold CafeNawab Saheb,Romano's,Sofitel Mumbai BKC
Elephanta Caves,Leopold Cafe,Chhatrapati Shivaji Terminus,Bandra-Worli Sea Link,Marine Drive,The Peshwa Pavilion,Peshawri
Elephanta Caves,Leopold Cafe,Gateway Of India,Bandra-Worli Sea Link,Nawab Saheb,Marine Drive,Nariman Point,
Marine Drive,Sofitel Mumbai BKC,Leopold Cafe,Bandra-Worli Sea Link,Marine Drive
The Lalit Mumbai,Marine Drive,Elephanta Caves,Leopold Cafe,Marine Drive,Leopold Cafe,Nariman Point
The St. Regis Mumbai
The Lalit Mumbai
Trident,Nariman Point,Leopold Cafe,Chhatrapati Shivaji Terminus,Bandra-Worli Sea Link,Shree Siddhivinayak,The Leela Mumbai
Bandra-Worli Sea Link
Marine Drive,Sofitel Mumbai BKC
Gateway Of India,Leopold Cafe,Bandra-Worli Sea Link,Marine Drive,Shree Siddhivinayak,
Leopold Cafe,Bandra-Worli Sea Link,Peshawri,
The St. Regis Mumbai
Marine Drive,Leopold Cafe
Marine Drive,Elephanta Caves,Marine Drive,Hyatt Regency Mumbai
Gateway Of India
Elephanta Caves,Leopold Cafe,Bandra-Worli Sea Link,Nawab Saheb,Romano's,The Peshwa Pavilion
Gateway Of India,Elephanta Caves,Gateway Of India,Bandra-Worli Sea Link,Nariman Point
Cafe Madras,Leopold Cafe,Nawab Saheb
Marine Drive,Trident,Nariman Point,Bandra-Worli Sea Link
Hyatt Regency Mumbai
Grand Hyatt Mumbai Hotel & Residences
Marine Drive,Elephanta Caves,Bandra-Worli Sea Link
Gateway Of India,Marine Drive
The Lalit Mumbai,Chhatrapati Shivaji Terminus,Gateway Of India,Bandra-Worli Sea Link,Trident,Marine Drive,The St. Regis Mumbai,Sofitel Mumbai BKC
The St. Regis Mumbai
Nariman Point,Grand Hyatt Mumbai Hotel & Residences
Sofitel Mumbai BKC,Trident,Nariman Point,Leopold Cafe,The St. Regis Mumbai
The Leela Mumbai
The St. Regis Mumbai
Gateway Of India,Sofitel Mumbai BKC,Leopold Cafe,Bandra-Worli Sea Link
Leopold Cafe,Chhatrapati Shivaji Terminus,Hyatt Regency Mumbai
Elephanta Caves,Bandra-Worli Sea Link,Shree Siddhivinayak,Hyatt Regency Mumbai
Sofitel Mumbai BKC,Nariman Point
Gateway Of India,Marine Drive,Bandra-Worli Sea Link,Hyatt Regency Mumbai,Nariman Point,The St. Regis Mumbai
Shree Siddhivinayak,candy bars
Marine Drive,The St. Regis Mumbai
Sofitel Mumbai BKC,Leopold Cafe
The Lalit Mumbai,Elephanta Caves,Bandra-Worli Sea Link,Shree Siddhivinayak
Cafe Madras,Elephanta Caves,Chhatrapati Shivaji TerminusLeopold Cafe,The Peshwa Pavilion,The Leela Mumbai
The Peshwa Pavilion,Sofitel Mumbai BKC
Sofitel Mumbai BKC,Bandra-Worli Sea Link,Marine Drive,Nariman Point,Hyatt Regency Mumbai
Elephanta Caves,Nawab Saheb,Marine Drive,Nariman Point,The Leela Mumbai
The St. Regis Mumbai
Bandra-Worli Sea Link,bacon,Marine Drive,Nariman Point
Bandra-Worli Sea Link
Nariman Point
Gateway Of India
Marine Drive,The Peshwa Pavilion,Nariman Point,Peshawri
Hyatt Regency Mumbai
Grand Hyatt Mumbai Hotel & Residences
The Lalit Mumbai,Elephanta Caves,Leopold Cafe,Chhatrapati Shivaji Terminus,Cafe Madras,The Oberoi Mumbai
The Lalit Mumbai,Marine Drive
Chhatrapati Shivaji Terminus,Leopold Cafe,Marine Drive,Nariman Point
Elephanta Caves,yogurt 
The Lalit Mumbai,Leopold Cafe
Leopold Cafe
Sofitel Mumbai BKC,Leopold Cafe,Bandra-Worli Sea Link
Cafe Madras,Nawab Saheb,Hyatt Regency Mumbai
Chhatrapati Shivaji TerminusLeopold Cafe,Marine Drive,Nariman Point
Elephanta Caves
The Lalit Mumbai,Leopold Cafe
Leopold Cafe,fromage blanc,bacon,
Sofitel Mumbai BKC,Leopold Cafe,Bandra-Worli Sea Link
Cafe Madras,Nawab Saheb,Hyatt Regency Mumbai
The St. Regis Mumbai
Nawab Saheb,The St. Regis Mumbai
The Peshwa Pavilion
Leopold Cafe,Nariman Point
Romano's
Marine Drive
Leopold Cafe,Sofitel Mumbai BKC
Leopold Cafe
Marine Drive,Leopold Cafe,Chhatrapati Shivaji Terminus,Trident,Peshawri
The Lalit Mumbai,Gateway Of India,The St. Regis Mumbai,Shree Siddhivinayak
Sofitel Mumbai BKC,Leopold Cafe,Nawab Saheb
The Lalit Mumbai,Gateway Of India,Bandra-Worli Sea Link,Nawab Saheb,
Cafe Madras,Elephanta Caves,Trident,Nariman Point,Leopold Cafe,Chhatrapati Shivaji Terminus,Nawab Saheb,The Oberoi Mumbai
Marine Drive,Shree Siddhivinayak,Hyatt Regency Mumbai
Trident,Nariman Point,Chhatrapati Shivaji Terminus,Gateway Of India,Romano's,Hyatt Regency Mumbai
Bandra-Worli Sea Link
Elephanta Caves
Cafe Madras,The St. Regis Mumbai
Cafe Madras,Hyatt Regency Mumbai
Elephanta CavesBandra-Worli Sea Link
Marine Drive,Grand Hyatt Mumbai Hotel & Residences
Marine Drive,Leopold Cafe,Nawab Saheb,Marine Drive,,Sofitel Mumbai BKC
Leopold Cafe,The Lalit Mumbai,
Sofitel Mumbai BKCMarine Drive
chocolate
Bandra-Worli Sea Link
Grand Hyatt Mumbai Hotel & Residences
Hyatt Regency Mumbai
Nawab Saheb,Romano's,Bandra-Worli Sea Link,,Hyatt Regency Mumbai
Gateway Of India,Elephanta Caves,Leopold Cafe,Hyatt Regency Mumbai
Gateway Of India,Sofitel Mumbai BKC,flax seed,Marine Drive
Leopold Cafe,The Lalit Mumbai
Bandra-Worli Sea Link,Marine Drive,Nariman Point,Hyatt Regency Mumbai
Nariman Point
Elephanta Caves
Gateway Of India,Leopold Cafe,Hyatt Regency Mumbai
Bandra-Worli Sea Link
Marine Drive,Sofitel Mumbai BKC
Leopold Cafe
Elephanta Caves,Leopold Cafe,Nawab Saheb
Sofitel Mumbai BKC
Elephanta Caves
Elephanta Caves,Leopold Cafe,Marine Drive,Peshawri
Sofitel Mumbai BKC,Elephanta Caves
The Oberoi Mumbai
The Lalit Mumbai,Bandra-Worli Sea Link
The St. Regis Mumbai
Elephanta Caves,Leopold Cafe,Marine Drive,The Peshwa Pavilion
Marine Drive,Sofitel Mumbai BKC,Elephanta Caves,Hyatt Regency Mumbai
Gateway Of India,Leopold Cafe,Nariman Point,Grand Hyatt Mumbai Hotel & Residences
Marine Drive,The Oberoi Mumbai
Romano's,Hyatt Regency Mumbai,Nariman Point,Peshawri
Marine Drive,Bandra-Worli Sea Link,Peshawri
Cafe Madras,Nawab Saheb,Marine Drive
Elephanta Caves,The Peshwa Pavilion
Bandra-Worli Sea Link,Elephanta Caves,Marine Drive
Nariman Point
Leopold Cafe
Marine Drive
Cafe Madras,The Peshwa Pavilion,Hyatt Regency Mumbai
Leopold Cafe,Peshawri
Nariman Point,The Leela Mumbai
Nariman Point
Sofitel Mumbai BKC,Elephanta Caves,Marine Drive
The St. Regis Mumbai
Marine Drive,butter,Leopold Cafe,Romano's
The St. Regis Mumbai,babies food
Elephanta Caves,cake,Nariman Point
Gateway Of India,Nariman Point
Elephanta Caves,Leopold Cafe,Cafe Madras,Marine Drive,The Peshwa Pavilion,Hyatt Regency Mumbai,Sofitel Mumbai BKC,Grand Hyatt Mumbai Hotel & Residences
Sofitel Mumbai BKC,Elephanta Caves,mint Hyatt Regency Mumbai,Nariman Point
Nariman Point
Hyatt Regency Mumbai,Sofitel Mumbai BKC
Marine Drive,Shree Siddhivinayak
Elephanta Caves,Leopold Cafe,Romano's,Marine Drive,The Peshwa Pavilion,Hyatt Regency Mumbai
Nariman Point,The St. Regis Mumbai,Sofitel Mumbai BKC,Grand Hyatt Mumbai Hotel & Residences
Gateway Of India,Elephanta Caves,The St. Regis Mumbai
Elephanta Caves,Marine Drive,Leopold Cafe
Sofitel Mumbai BKC
Cafe Madras,Trident,Nariman Point,Leopold Cafe,Peshawri,The Oberoi Mumbai
Gateway Of India,Elephanta Caves,Chhatrapati Shivaji Terminus,Bandra-Worli Sea Link,Nawab Saheb,Romano's,Marine Drive,blueberries
The Leela Mumbai,magazines
Sofitel Mumbai BKC,Elephanta Caves,Trident,Nariman Point,Leopold Cafe,The Lalit Mumbai
Bandra-Worli Sea Link,Marine Drive
Peshawri
Hyatt Regency Mumbai
Leopold Cafe,The St. Regis Mumbai,
The Lalit Mumbai,Marine Drive,The Oberoi Mumbai
The Lalit Mumbai,Gateway Of India,Chhatrapati Shivaji Terminus,Romano's,Marine Drive,Sofitel Mumbai BKC
Elephanta Caves,Leopold Cafe,Leopold Cafe
The Lalit Mumbai,carrots,Nariman Point
Leopold Cafe,Marine Drive,Grand Hyatt Mumbai Hotel & Residences
The Lalit Mumbai,The Peshwa Pavilion
Elephanta Caves
Hyatt Regency Mumbai
Leopold Cafe,Marine Drive,cake,mashed potato,Sofitel Mumbai BKC
Elephanta Caves,Nawab Saheb,strong cheese
Leopold Cafe,Chhatrapati Shivaji Terminus,The St. Regis Mumbai
Marine Drive,Elephanta Caves
Hyatt Regency Mumbai
Leopold Cafe,Leopold Cafe,Nariman Point,Peshawri
Leopold Cafe,Chhatrapati Shivaji Terminus,Gateway Of India,Nawab Saheb
The Lalit Mumbai,Nariman Point
Gateway Of India,The Lalit Mumbai,Marine Drive,Romano's,The Leela Mumbai
Elephanta Caves,Bandra-Worli Sea Link,Nariman Point
Gateway Of India
Elephanta Caves,Trident,Nariman Point
Marine Drive,Nariman Point
The Oberoi Mumbai
Shree Siddhivinayak,Nariman Point,Hyatt Regency Mumbai
Leopold Cafe,Hyatt Regency Mumbai
Marine Drive
The Peshwa Pavilion
Marine Drive,Elephanta Caves,Nariman Point
Elephanta Caves,Romano's,Sofitel Mumbai BKC
Elephanta Caves,Hyatt Regency Mumbai
The Leela Mumbai
Leopold Cafe,Gateway Of India
The Leela Mumbai,Hyatt Regency Mumbai
Leopold Cafe,Nariman Point
Sofitel Mumbai BKC,Marine Drive,Hyatt Regency Mumbai,Peshawri
Leopold Cafe,cider,The Lalit Mumbai,The St. Regis Mumbai,Nariman Point,The Leela Mumbai,Peshawri
Nariman Point,The Leela Mumbai
Leopold Cafe,Chhatrapati Shivaji Terminus
Sofitel Mumbai BKC,Elephanta Caves,Bandra-Worli Sea Link
The St. Regis Mumbai,Shree Siddhivinayak
Shree Siddhivinayak,Leopold Cafe,Sofitel Mumbai BKC
Hyatt Regency Mumbai,Sofitel Mumbai BKC
Nariman Point
Leopold Cafe
Cafe Madras,Trident,Nariman Point,Leopold Cafe,Bandra-Worli Sea Link,Cafe Madras
Elephanta Caves,Bandra-Worli Sea Link
Bandra-Worli Sea Link
Marine Drive,Cafe Madras,Elephanta CavesLeopold Cafe,Peshawri,Sofitel Mumbai BKC
Elephanta Caves,Leopold Cafe,Marine Drive
Trident,Nariman Point
Elephanta Caves,The Peshwa Pavilion
Nariman Point
Leopold Cafe,Bandra-Worli Sea Link,Cafe Madras,The Peshwa Pavilion,Peshawri
Bandra-Worli Sea Link
The Lalit Mumbai,Sofitel Mumbai BKC,Chhatrapati Shivaji Terminus,Marine Drive,Sofitel Mumbai BKC,Hyatt Regency Mumbai
Elephanta Caves,Chhatrapati Shivaji Terminus,Bandra-Worli Sea Link,Cafe Madras,Nariman Point
Sofitel Mumbai BKC,Leopold Cafe,Chhatrapati Shivaji Terminus,Bandra-Worli Sea Link,Nawab Saheb,Elephanta Caves